{"Rank": 270, "Name": "Nilashis Saha", "Email": "nilashis37@gmail.com", "Case Study Progress": 14.29, "Vibe Progress": 83.6, "Health Points": 154.69, "Overall Progress": 48.94, "hp_rank": 98, "currentHP": 154.6933021347656, "hp_status": "SAFE", "baseHP": 120, "last_vibe_change_ts": 1770658480.5275335, "last_casestudy_change_ts": 1769344605.9908059, "last_stagnation_sent_ts": 1770393384.1404486, "last_attendance_reminder": "2026-02-09"}