{"Rank": 190, "Name": "Nilashis Saha", "Email": "nilashis37@gmail.com", "Case Study Progress": 14.29, "Vibe Progress": 61.9, "Health Points": 143.9, "Overall Progress": 38.09, "hp_rank": 76, "currentHP": 143.90074617187497, "hp_status": "SAFE", "baseHP": 112, "last_vibe_change_ts": 1769956805.7411249, "last_casestudy_change_ts": 1769344605.9908059, "last_stagnation_sent_ts": 1769838917.2747705, "last_attendance_reminder": "2026-01-31"}