{"Rank": 237, "Name": "Nilashis Saha", "Email": "nilashis37@gmail.com", "Case Study Progress": 14.29, "Vibe Progress": 88.67, "Health Points": 154.69, "Overall Progress": 51.48, "hp_rank": 116, "currentHP": 154.6933021347656, "hp_status": "SAFE", "baseHP": 120, "last_vibe_change_ts": 1770742856.906041, "last_casestudy_change_ts": 1769344605.9908059, "last_stagnation_sent_ts": 1770393384.1404486, "last_attendance_reminder": "2026-02-10"}