{"Rank": 232, "Name": "Nilashis Saha", "Email": "nilashis37@gmail.com", "Case Study Progress": 14.29, "Vibe Progress": 91.95, "Health Points": 154.69, "Overall Progress": 53.12, "hp_rank": 122, "currentHP": 154.6933021347656, "hp_status": "SAFE", "baseHP": 120, "last_vibe_change_ts": 1770747137.0613155, "last_casestudy_change_ts": 1769344605.9908059, "last_stagnation_sent_ts": 1770393384.1404486, "last_attendance_reminder": "2026-02-10"}