{"Rank": 230, "Name": "Nilashis Saha", "Email": "nilashis37@gmail.com", "Case Study Progress": 14.29, "Vibe Progress": 75.45, "Health Points": 154.69, "Overall Progress": 44.87, "hp_rank": 61, "currentHP": 154.6933021347656, "hp_status": "SAFE", "baseHP": 112, "last_vibe_change_ts": 1770217432.8037658, "last_casestudy_change_ts": 1769344605.9908059, "last_stagnation_sent_ts": 1770306725.772613, "last_attendance_reminder": "2026-02-05"}