{"Rank": 197, "Name": "Nilashis Saha", "Email": "nilashis37@gmail.com", "Case Study Progress": 45.24, "Vibe Progress": 100, "Health Points": 182.24, "Overall Progress": 72.62, "hp_rank": 9, "currentHP": 182.24417924496734, "hp_status": "SAFE", "baseHP": 127, "last_vibe_change_ts": 1770795145.2909138, "last_casestudy_change_ts": 1772002958.8557808, "last_stagnation_sent_ts": 1771968569.3966138, "last_attendance_reminder": "2026-02-24"}