{"Rank": 112, "Name": "Nilashis Saha", "Email": "nilashis37@gmail.com", "Case Study Progress": 69.05, "Vibe Progress": 100, "Health Points": 182.24, "Overall Progress": 84.53, "hp_rank": 10, "currentHP": 182.24417924496734, "hp_status": "SAFE", "baseHP": 131, "last_vibe_change_ts": 1770795145.2909138, "last_casestudy_change_ts": 1772045961.3473701, "last_stagnation_sent_ts": 1771968569.3966138, "last_attendance_reminder": "2026-02-25"}