{"Rank": 143, "Name": "Nilashis Saha", "Email": "nilashis37@gmail.com", "Case Study Progress": 80.95, "Vibe Progress": 100, "Health Points": 200.92, "Overall Progress": 90.47, "hp_rank": 4, "currentHP": 200.92420761757649, "hp_status": "SAFE", "baseHP": 131, "last_vibe_change_ts": 1770795145.2909138, "last_casestudy_change_ts": 1772559560.0549138, "last_stagnation_sent_ts": 1772490158.2915032, "last_attendance_reminder": "2026-03-03"}