{"Rank": 213, "Name": "Nilashis Saha", "Email": "nilashis37@gmail.com", "Case Study Progress": 40.48, "Vibe Progress": 100, "Health Points": 170.16, "Overall Progress": 70.24, "hp_rank": 19, "currentHP": 170.16263234824214, "hp_status": "SAFE", "baseHP": 127, "last_vibe_change_ts": 1770795145.2909138, "last_casestudy_change_ts": 1771433874.225808, "last_stagnation_sent_ts": 1771411158.5919724, "last_attendance_reminder": "2026-02-18"}