{"Rank": 231, "Name": "Nilashis Saha", "Email": "nilashis37@gmail.com", "Case Study Progress": 14.29, "Vibe Progress": 50, "Health Points": 137.05, "Overall Progress": 32.14, "hp_rank": 85, "currentHP": 137.04832968749997, "hp_status": "SAFE", "baseHP": 112, "last_vibe_change_ts": 1769868022.8104186, "last_casestudy_change_ts": 1769344605.9908059, "last_stagnation_sent_ts": 1769838917.2747705, "last_attendance_reminder": "2026-01-30"}