{"Rank": 268, "Name": "Nilashis Saha", "Email": "nilashis37@gmail.com", "Case Study Progress": 14.29, "Vibe Progress": 100, "Health Points": 170.16, "Overall Progress": 57.14, "hp_rank": 16, "currentHP": 170.16263234824214, "hp_status": "SAFE", "baseHP": 120, "last_vibe_change_ts": 1770795145.2909138, "last_casestudy_change_ts": 1769344605.9908059, "last_stagnation_sent_ts": 1771057555.0481496, "last_attendance_reminder": "2026-02-14"}