{"Rank": 223, "Name": "Nilashis Saha", "Email": "nilashis37@gmail.com", "Case Study Progress": 71.43, "Vibe Progress": 100, "Health Points": 191.36, "Overall Progress": 85.72, "hp_rank": 12, "currentHP": 191.3563882072157, "hp_status": "SAFE", "baseHP": 131, "last_vibe_change_ts": 1770795145.2909138, "last_casestudy_change_ts": 1772049073.8084776, "last_stagnation_sent_ts": 1772403547.7966216, "last_attendance_reminder": "2026-03-02"}