{"Rank": 137, "Name": "Nilashis Saha", "Email": "nilashis37@gmail.com", "Case Study Progress": 85.71, "Vibe Progress": 100, "Health Points": 200.92, "Overall Progress": 92.85, "hp_rank": 6, "currentHP": 200.92420761757649, "hp_status": "SAFE", "baseHP": 131, "last_vibe_change_ts": 1770795145.2909138, "last_casestudy_change_ts": 1772638521.9106638, "last_stagnation_sent_ts": 1772490158.2915032, "last_attendance_reminder": "2026-03-04"}